{
  "timestamp": "2025-08-29T03:27:07.458Z",
  "nonCritDamage": 40493.61851447249,
  "critDamage": 73495.91760376756,
  "expectedDamage": 62532.553846303745,
  "critRate": 66.78
}