{
  "timestamp": "2025-08-29T02:49:55.098Z",
  "nonCritDamage": 33066.342492885866,
  "critDamage": 92405.48001989907,
  "expectedDamage": 76597.53378270275,
  "critRate": 73.36
}